name in TiviMate,yandex ID
365 days TV (576p),250
.black (576p),935
.sci-fi (576p),516
Amedia Hit (1080p),1886
Avto24 (576p),2286
Blokbaster HD (1080p),2066
Bollywood HD Russia (576p),1395
BRIDGE Hits (576p),2017
Channel One HD (720p),983
Dom kino (576p),834
Dom kino Premium HD,1731
Domashniy SD (576p),304
Dorama (576p),2128
Dorama HD (1080p),2128
Drive (576i),505
Dushevnoe HD (1080p),1738
Evrokino HD (1080p),352
Fashion&LifeStyle (1080p),1030
FoodTime (1080p),930
FOX (576p),659
FOX Life (576p),615
Friday! (576p),1003
Gagsnetwork (576p),2033
Glazami Turista (576p),2085
Hit HD (1080p),2071
Istoriya (576p),1036
KHL Prime (1080p),1038
KinoHit (576p),542
Kinokomedija (576p),821
Kinopokaz (576p),22
Kinosemja (576p),987
Kinoseriya (1080p),799
Kinosvidanie (576p),462
Kinouzhas (576p),2049
Kluch (576p),2029
Komedia (576p),1620
Komedyinoe HD (1080p),741
Kongress TV (1080p),2201
Kuhnya (576p),614
KVN TV (576p),1700
Match! Boets (576p),454
Mezzo Live (1080p),801
MMA TV.com (1080p),2048
Moskva 24 (1080p),334
Moskva. Doveriye (576p),655
Moya stikhiya HD (1080p),2143
Muzhskoe kino (576p),1584
Muzyka Live (576p),257
Muzyka Pervogo (576p),715
Nano (576p),35
Nashe HD (576p),1737
Nashe muzhskoe HD (1080p),2067
Nashe Novoe Kino (1080p),485
National Geographic (576p),102
National Geographic Wild (576p),223
Nostalgia (576p),783
NST (576p),518
NTV HD (1080p),2075
NTV Law (576p),1753
NTV Series (576p),1754
NTV Style (576p),1755
Ohotnik i rybolov (576p),132
Ohotnik i rybolov HD (1080p),1681
Okko Sport (1080p),2107
Ostrosyuzhetnoye HD (1080p),1588
Premialnoe HD (1080p),1586
Priklyucheniya HD (1080p),331
Pro Business (720p),214
Prodvizhenie (1080p),1834
RBK-TV SD (576p),743
Retro (576p),6
Rodnoe Kino (576p),12
RT Documentary Russia,1843
RTG TV HD (1080p),1852
Russia-1 (1080p),711
Russia-1 HD (1080p),984
Russia-K (576p),18
Russian MusicBox (576p),25
Russkiy Bestseller (576p),994
Russkiy Detektiv (576p),1570
Rybolov (576p),132
Sankt-Peterburg HD (720p),690
Sarafan (576p),663
Shokiruyushchee HD (1080p),138
Shot TV (576p),431
Smotrim 100% Klassika,2296
Smotrim 100% Lyubov,2297
Smotrim 100% Muzhskoe,2298
Smotrim 100% Prazdnik,2299
Soyuzny (480p),2308
Spas (576p),447
Sportivnyy (1080p),2057
START Air (576p),2077
Teatr (576p),925
TNT SD (576p),353
TNV-Tatarstan (720p),180
Tochka RF (1080p),415
Top Secret (576p),275
TV 21 International (576p),309
TV Centr (576p),649
TV-3 (576p),698
U (720p),898
UDAR (1080p),2073
Usadba (576p),779
V mire zhivotnykh (1080p),1729
viju Explore (576p),521
viju History (576p),277
viju Nature (576p),765
viju TV1000 (576p),127
viju TV1000 action (576p),125
viju+ Comedy HD (1080p),1011
viju+ Megahit HD (1080p),1012
viju+ Planet HD (1080p),1984
viju+ Premiere HD (1080p),1013
viju+ Serial HD (1080p),1985
viju+ Sport (576p),455
Vmeste-RF (576p),1974
Zagorodnaya Zhizn (576p),21
Zhivaya priroda (1080p),1365
Zhivaya priroda HD (1080p),1365
Zoopark (576i),367
Zvezda Plus HD (1080p),2043
Аист ТВ (1080p),378
Архыз 24 (1080p),1449
Астрахань 24 (720p),1581
Башкортостан 24 (1080p),1853
Большая Азия (720p),1807
Детское кино International,2007
Известия (1080p),1798
Красная линия (480p),1869
Мир 24 (1080p),1331
Мир Белогорья,1624
Муз союз (576p),1871
Надежда (720p),1732
Неизвестная Россия,2147
Ника ТВ (576p),822
HTB Hit (576p),2080
Самара 24 (1080p),1967
Своё ТВ (Ставрополь),980
Союз (576p),349